{
    "tags": {
        "allowUnknownTags": true,
        "dictionaries": ["jsdoc"]
    },
    "source": {
        "include": ["dist", "package.json", "README.md"],
        "includePattern": ".js$",
        "excludePattern": "(node_modules/|docs/|test/)"
    },
    "plugins": [
        "plugins/markdown"
    ],
    "templates": {
        "referenceTitle": "Agenda"
    },
    "opts": {
        "destination": "./docs/",
        "encoding": "utf8",
        "recurse": true,
        "template": "./node_modules/jsdoc-template",
        "tutorials": "./examples/"
    }
}
